ID,Debt,GR,DPD,LP,Payments,Sample 1,Sample 2,Sample 3,Sample 4,Sample 5
1,3455,4138,3331,,,1,1,1,1,1
2,9563,4921,3073,,,0,0,0,0,0
3,10103,4237,596,,,0,0,0,0,0
4,1222,2822,1519,,,1,1,1,1,1
5,15552,3722,1794,,,0,0,0,0,0
6,22207,4827,3215,,,0,0,0,0,0
7,43,4731,887,,,1,1,1,1,1
8,13247,653,3802,,,1,1,1,1,1
9,22171,1861,1550,,,0,0,0,0,0
10,2498,2495,1225,2521.0,2324.0,1,1,1,1,1
11,21301,3048,1748,,,0,0,0,0,0
12,22506,3492,2344,,,0,0,0,0,0
13,3361,1205,1927,,,1,1,1,1,1
14,20947,2971,1616,,,0,0,0,0,0
15,22140,3637,3816,,,0,0,0,0,0
16,2607,3092,2853,,,0,0,0,0,0
17,21530,3677,3216,,,0,0,0,0,0
18,5500,4734,2395,,,0,0,0,0,0
19,9853,4778,1012,,,1,1,1,1,1
20,23726,3475,1701,,,0,0,0,0,0
21,17589,4619,2103,,,0,0,0,0,0
22,18361,4294,4539,2652.0,728.0,0,0,0,0,0
23,23221,3241,4418,,,0,0,0,0,0
24,15193,894,4587,,,0,0,0,0,0
25,10209,2839,3882,,,0,0,0,0,0
26,21630,1709,2813,,,0,0,0,0,0
27,2901,2856,2860,,,0,0,0,0,1
28,1480,785,3517,,,0,0,1,0,0
29,11530,1815,3013,,,0,0,0,0,0
30,5957,4291,879,,,0,0,0,0,0
31,9112,2796,732,1634.0,1944.0,1,1,1,1,1
32,24152,1521,1714,,,0,0,0,0,0
33,19681,2452,2701,,,0,0,0,0,0
34,16996,1939,3838,,,0,0,0,0,0
35,22357,3465,2513,,,1,1,1,1,1
36,6324,3371,1588,,,0,0,0,0,0
37,10876,677,1108,,,0,0,0,0,0
38,24245,2536,4659,,,0,0,0,0,0
39,23838,2782,2893,,,0,0,0,0,0
40,24522,2311,4682,,,0,0,0,0,0
41,18255,4028,2470,,,0,0,0,0,0
42,2467,2183,3077,,,0,0,0,0,0
43,13211,4230,3508,,,0,0,0,0,0
44,7647,4308,703,,,0,0,0,0,0
45,71,3754,2512,,,0,0,1,1,1
46,9822,3317,4730,,,0,0,0,0,0
47,23423,4249,2714,,,0,0,0,0,0
48,21541,2356,3125,,,0,0,0,0,0
49,15756,3686,2061,,,0,0,0,0,0
50,8037,4279,4551,,,1,1,1,1,1
51,10361,3755,1098,,,0,0,0,0,0
52,5174,3252,3493,,,0,0,0,0,0
53,14905,777,902,,,0,0,0,0,0
54,17134,1980,2283,,,1,1,1,1,1
55,12044,2662,4208,1027.0,2615.0,0,0,0,0,0
56,11713,2005,3561,2490.0,2285.0,0,0,0,0,0
57,14154,1358,4002,,,0,0,0,0,0
58,7543,1682,1934,,,0,0,0,0,0
59,13610,3176,2290,,,0,0,0,0,0
60,19313,4734,1710,,,0,0,0,0,0
61,2865,1909,655,,,1,1,1,1,1
62,2064,3321,2803,,,0,1,0,0,0
63,11299,4978,4033,,,0,0,0,0,0
64,11669,2862,989,,,0,0,0,0,0
65,13441,4277,661,3028.0,1843.0,0,0,0,0,0
66,3691,3799,1413,,,0,0,0,0,0
67,16284,1443,3851,,,0,0,0,0,0
68,2265,4130,1953,,,0,0,0,0,0
69,9535,3597,4746,,,0,0,0,0,0
70,20879,752,1499,,,0,0,0,0,0
71,9544,1382,1146,,,0,0,0,0,0
72,23391,3637,1294,,,0,0,0,0,0
73,7738,947,4714,,,0,0,0,0,0
74,3472,4013,4701,,,0,0,0,0,0
75,19557,4469,3905,,,0,0,0,0,0
76,17863,3336,926,,,0,0,0,0,0
77,12946,4527,3833,,,0,0,0,0,0
78,1330,2905,2916,,,1,1,1,1,1
79,5583,2245,1691,,,0,0,0,0,0
80,12081,2948,2276,,,0,0,0,0,0
81,23381,1586,1040,,,0,0,0,0,0
82,21061,2258,1148,,,0,0,0,0,0
83,2312,2620,4547,,,0,0,0,0,0
84,4225,2800,3028,,,0,0,0,0,0
85,9860,1133,2260,,,0,0,0,0,0
86,15479,1153,4461,,,0,0,0,0,0
87,5101,3558,3224,,,0,0,0,0,0
88,22161,1995,2560,,,0,0,0,0,0
89,18850,1586,555,,,0,0,0,0,0
90,1117,4221,799,,,0,0,0,0,0
91,14212,4914,1324,,,0,0,0,0,0
92,17071,2675,3567,,,0,0,0,0,0
93,15555,1141,2220,,,0,0,0,0,0
94,8421,1536,2369,,,0,0,0,0,0
95,3799,1789,2081,,,1,1,1,1,1
96,24764,3736,3688,,,0,0,0,0,0
97,24500,2072,4412,,,0,0,0,0,0
98,3231,4171,2103,,,0,0,0,0,0
99,16222,4478,3023,,,0,0,0,0,0
100,23932,4263,3968,,,0,0,0,0,0
101,10597,2815,835,,,0,0,0,0,0
102,20194,922,4315,,,0,0,0,0,0
103,20939,1612,1653,,,0,0,0,0,0
104,16897,802,2786,,,0,0,0,0,0
105,16121,820,3965,,,0,0,0,0,0
106,18988,3351,1399,,,0,0,0,0,0
107,19163,2585,1700,,,0,0,0,0,0
108,11161,3023,2820,,,0,0,0,0,0
109,16639,1648,3921,,,0,0,0,0,0
110,7267,1894,3061,,,0,0,0,0,0
111,9643,957,2844,,,0,0,0,0,0
112,13255,2583,1210,,,0,0,0,0,0
113,1289,4289,3577,,,0,0,0,0,0
114,11882,3697,2497,,,0,0,0,0,0
115,13993,4484,2446,2432.0,1199.0,0,0,0,0,0
116,6472,3279,4410,,,0,0,0,0,0
117,22705,745,4134,2006.0,1327.0,0,0,0,0,0
118,19500,1798,3837,3312.0,3568.0,0,0,0,0,0
119,23766,1321,2047,,,0,0,0,0,0
120,13269,1984,2525,,,0,0,0,0,0
121,398,895,1365,,,1,1,1,1,1
122,3086,4759,2576,3113.0,1601.0,0,0,0,0,0
123,13252,4272,772,,,0,0,0,0,0
124,23478,651,1718,,,0,0,0,0,0
125,1016,4087,1985,,,1,1,1,1,1
126,506,1238,4524,,,0,0,0,0,0
127,7191,2972,2339,,,0,0,0,0,0
128,24949,4669,1453,,,0,0,0,0,0
129,1963,4245,2027,,,0,0,0,0,0
130,19225,3977,2611,,,0,0,0,0,0
131,16683,2079,4496,,,0,0,0,0,0
132,924,1086,4510,,,0,0,0,0,0
133,19368,2712,4045,,,0,0,0,0,0
134,8850,1180,3929,,,0,0,0,0,0
135,3706,2194,2982,,,0,0,0,0,0
136,7175,3856,2087,,,0,0,0,0,0
137,18466,676,1489,,,0,0,0,0,0
138,6605,2646,1925,,,0,0,0,0,0
139,4999,2722,4224,,,0,0,0,0,0
140,13084,4552,3940,,,0,0,0,0,0
141,19734,2003,3819,,,0,0,0,0,0
142,14019,3381,2953,,,0,0,0,0,0
143,18609,4791,4538,2121.0,3791.0,0,0,0,0,0
144,12102,1643,824,,,0,0,0,0,0
145,15298,2103,4420,,,0,0,0,0,0
146,934,2503,2592,,,0,0,0,0,0
147,12818,1613,1956,,,0,0,0,0,0
148,10924,3589,2330,,,0,0,0,0,0
149,9742,1360,2640,,,0,0,0,0,0
150,22361,1649,4331,,,0,0,0,0,0
151,18913,1627,1439,,,0,0,0,0,0
152,11472,3979,2576,,,0,0,0,0,0
153,24142,2358,1998,,,0,0,0,0,0
154,5774,2541,4326,,,0,0,0,0,0
155,15846,718,1757,,,0,0,0,0,0
156,15882,4720,3129,,,0,0,0,0,0
157,22012,3111,3944,,,0,0,0,0,0
158,16757,1891,1993,,,0,0,0,0,0
159,16127,4235,3819,,,0,0,0,0,0
160,7718,4572,4734,,,0,0,0,0,0
161,7518,3180,2710,,,0,0,0,0,0
162,21517,1188,1228,,,0,0,0,0,0
163,2896,713,942,,,0,0,0,0,0
164,7285,2693,2518,,,0,0,0,0,0
165,11629,950,3865,,,0,0,0,0,0
166,2926,3307,2359,,,0,0,0,0,0
167,8348,1779,653,,,0,0,0,0,0
168,1072,4238,1706,,,0,0,0,0,0
169,19053,1575,3704,,,0,0,0,0,0
170,12641,4444,3946,,,0,0,0,0,0
171,16028,4390,3412,,,0,0,0,0,0
172,19237,1046,747,,,0,0,0,0,0
173,12134,4047,2681,,,0,0,0,0,0
174,1946,3392,1613,,,0,0,0,0,0
175,6184,1563,3596,,,0,0,0,0,0
176,14613,4007,3403,4346.0,1043.0,0,0,0,0,0
177,22,1416,3836,,,0,0,0,0,0
178,13350,4864,1189,,,0,0,0,0,0
179,7038,3231,1049,,,0,0,0,0,0
180,14507,2450,4715,,,0,0,0,0,0
181,20152,3812,561,,,0,0,0,0,0
182,14079,4470,3208,,,0,0,0,0,0
183,385,4209,3697,,,0,0,0,0,0
184,10685,3076,633,1543.0,2249.0,0,0,0,0,0
185,8567,2683,2910,,,0,0,0,0,0
186,9183,2722,4435,,,0,0,0,0,0
187,2119,883,3670,,,0,0,0,0,0
188,6772,2900,1743,,,0,0,0,0,0
189,3566,915,1088,,,0,0,0,0,0
190,23193,3190,3505,,,0,0,0,0,0
191,14208,1163,2056,,,0,0,0,0,0
192,17081,1788,1009,,,0,0,0,0,0
193,2230,1809,1818,,,1,1,1,1,1
194,14767,2193,1665,,,0,0,0,0,0
195,6751,4619,3960,,,0,0,0,0,0
196,14353,946,1724,,,0,0,0,0,0
197,11041,4025,3104,,,0,0,0,0,0
198,2873,1470,1756,,,0,0,0,0,0
199,18147,4321,4498,,,0,0,0,0,0
200,24511,4039,2894,,,0,0,0,0,0
201,18223,4589,1268,,,0,0,0,0,0
202,21059,4882,1990,,,0,0,0,0,0
203,3087,1992,1019,,,0,0,0,0,0
204,11180,2022,3404,,,0,0,0,0,0
205,21125,1773,2765,,,0,0,0,0,0
206,22438,2336,3279,,,0,0,0,0,0
207,22525,2758,4744,,,0,0,0,0,0
208,15378,3947,4345,,,0,0,0,0,0
209,8025,3096,4598,,,0,0,0,0,0
210,3819,1213,3627,,,0,0,0,0,0
211,5088,2642,4630,,,0,0,0,0,0
212,1218,4120,3987,,,0,0,0,0,0
213,4231,1406,2650,,,0,0,0,0,0
214,13714,2940,3975,,,0,0,0,0,0
215,18690,3033,3445,,,0,0,0,0,0
216,10538,1279,3788,,,0,0,0,0,0
217,9336,3828,1882,,,0,0,0,0,0
218,12081,2552,582,,,0,0,0,0,0
219,2984,4292,997,,,0,0,0,0,0
220,23215,3506,1169,,,0,0,0,0,0
221,7373,4898,1276,,,0,0,0,0,0
222,21781,3438,568,,,0,0,0,0,0
223,22397,3679,4399,,,0,0,0,0,0
224,18487,3842,562,1841.0,3160.0,0,0,0,0,0
225,2311,4476,4633,,,0,0,0,0,0
226,2923,2100,1156,,,0,0,0,0,0
227,874,3988,866,,,0,0,0,0,0
228,15519,3551,4557,,,0,0,0,0,0
229,5798,900,1619,,,1,1,1,1,1
230,15797,3531,3248,2862.0,2888.0,0,0,0,0,0
231,15782,1139,766,,,0,0,0,0,0
232,5859,2873,3340,,,0,0,0,0,0
233,15221,2741,2887,,,0,0,0,0,0
234,6121,886,2244,,,0,0,0,0,0
235,17447,3237,3211,,,0,0,0,0,0
236,5113,1013,3785,,,0,0,0,0,0
237,23441,3877,2282,,,0,0,0,0,0
238,5406,3937,2618,,,0,0,0,0,0
239,10799,4121,4054,,,0,0,0,0,0
240,21536,3748,1001,,,0,0,0,0,0
241,12729,4623,2773,,,0,0,0,0,0
242,4229,3116,2789,,,0,0,0,0,0
243,5401,1604,4130,,,0,0,0,0,0
244,15026,2593,3335,,,0,0,0,0,0
245,14220,3130,3072,,,0,0,0,0,0
246,15810,4112,4549,,,0,0,0,0,0
247,6353,3961,3206,,,0,0,0,0,0
248,4335,3684,1341,2839.0,3050.0,1,1,1,1,1
249,17525,3821,3806,,,0,0,0,0,0
250,4742,1658,4485,,,0,0,0,0,0
251,23984,4208,1217,3942.0,2268.0,0,0,0,0,0
252,16164,1644,1783,2529.0,2497.0,0,0,0,0,0
253,18849,2226,2096,1398.0,2872.0,0,0,0,0,0
254,22576,2492,2028,3265.0,1603.0,0,0,0,0,0
255,14527,4370,3970,1458.0,2098.0,0,0,0,0,0
256,24442,926,4596,2916.0,922.0,0,0,0,0,0
257,20930,1418,2456,2233.0,3388.0,0,0,0,0,0
258,15700,1674,3742,3473.0,3432.0,0,0,0,0,0
259,19668,2592,4508,4400.0,1640.0,0,0,0,0,0
260,16782,1361,3942,4096.0,3702.0,0,0,0,0,0
261,22158,996,3845,1218.0,2914.0,0,0,0,0,0
262,16668,684,2798,3905.0,1448.0,0,0,0,0,0
263,8394,1252,4064,2327.0,2324.0,0,0,0,0,0
264,6858,3868,2465,2762.0,1940.0,1,1,1,1,1
265,10365,858,2468,3952.0,1357.0,0,0,0,0,0
266,560,1368,2438,938.0,859.0,1,1,1,1,1
267,8096,1582,879,4151.0,3074.0,1,0,0,0,0
268,11114,1828,1727,2733.0,3273.0,0,0,0,0,0
269,1127,3704,4200,3998.0,3000.0,0,0,0,0,0
270,19948,2320,2154,1173.0,1176.0,0,0,0,0,0
271,14648,4643,3973,4157.0,1996.0,0,0,0,0,0
272,1419,4064,1091,732.0,3832.0,1,1,1,1,1
273,18696,1433,3841,4052.0,2076.0,0,0,0,0,0
274,17205,3495,1436,754.0,835.0,0,0,0,0,0
275,17591,2703,1989,2182.0,2683.0,0,0,0,0,0
276,17527,1817,2318,803.0,3660.0,0,0,0,0,0
277,8898,2245,2040,2759.0,1512.0,0,0,0,0,0
278,10728,4820,3048,3674.0,3764.0,0,0,0,0,0
279,23265,2461,1834,2377.0,3168.0,0,0,0,0,0
280,21257,754,4344,3466.0,1853.0,0,0,0,0,0
281,5964,3725,3208,2272.0,3615.0,0,0,0,0,0
282,7350,882,561,3647.0,4031.0,0,0,0,0,0
283,7448,4620,4223,2308.0,3813.0,0,0,0,0,0
284,21503,3370,3409,819.0,886.0,0,0,0,0,0
285,18915,1454,2497,2879.0,729.0,0,0,0,0,0
286,18000,2685,3961,3064.0,3665.0,0,0,0,0,0
287,4804,4809,1005,1753.0,3656.0,0,0,0,0,0
288,14145,3774,2372,945.0,838.0,0,0,0,0,0
289,10930,4892,1110,2070.0,3627.0,0,0,0,0,0
290,12520,1906,867,1520.0,2938.0,1,1,1,1,1
291,996,3821,3239,4043.0,1427.0,0,0,0,0,0
292,18553,2507,4458,4317.0,965.0,0,0,0,0,0
293,21310,3231,2481,2770.0,2558.0,0,0,0,0,0
294,21102,1444,4453,4115.0,2826.0,0,0,0,0,0
295,3840,4776,2940,1739.0,2542.0,0,0,0,0,0
296,11222,4765,4523,1660.0,2767.0,0,0,0,0,0
297,18980,1951,2385,1335.0,3342.0,0,0,0,0,0
298,752,1504,4737,1435.0,2027.0,1,1,1,1,1
299,6688,3295,4383,1463.0,3978.0,0,0,0,0,0
300,12751,2834,4000,3902.0,683.0,0,0,0,0,0
301,22342,840,4594,2277.0,3911.0,0,0,0,0,0
302,7366,3930,4505,2905.0,2721.0,0,0,0,0,0
303,2619,4887,3637,3348.0,2833.0,0,0,0,0,0
304,17816,4034,2891,2530.0,1391.0,0,0,0,0,0
305,21176,3381,2601,1990.0,933.0,0,0,0,0,0
306,7676,3848,4509,1642.0,720.0,0,0,0,0,0
307,23627,4454,3262,1887.0,2589.0,0,0,0,0,0
308,9795,1488,833,2128.0,4008.0,1,1,1,1,1
309,17163,2885,1553,3009.0,2671.0,0,0,0,0,0
310,5828,1780,976,3524.0,1789.0,1,1,1,1,1
311,19807,1379,3011,3314.0,2967.0,0,0,0,0,0
312,20988,3111,931,2133.0,1918.0,0,0,0,0,0
313,1846,3781,4095,1966.0,2563.0,1,1,1,1,1
314,5875,3458,2615,3893.0,3831.0,0,0,0,0,0
315,9191,771,596,2771.0,3889.0,1,1,1,1,1
316,9191,1590,2659,1710.0,3443.0,0,0,0,0,0
317,1717,2433,3687,3250.0,3793.0,0,0,0,0,0
318,14704,1521,1392,1197.0,1555.0,0,0,0,0,0
319,9760,3076,1274,1892.0,4132.0,0,0,0,0,0
320,15472,4139,1158,1380.0,3329.0,0,0,0,0,0
321,8896,2866,3341,3682.0,2556.0,0,0,0,0,0
322,19818,1579,1307,1792.0,994.0,0,0,0,0,0
323,14984,851,4039,1034.0,4145.0,0,0,0,0,0
324,3978,4254,2257,1867.0,2116.0,0,0,0,0,0
325,1841,1126,3853,913.0,2612.0,1,1,1,1,1
326,7723,4664,838,1230.0,1943.0,0,0,0,0,0
327,21290,4249,3195,2789.0,885.0,0,0,0,0,0
328,16810,3529,2596,847.0,3490.0,0,0,0,0,0
329,6312,1006,1008,1420.0,3065.0,1,1,1,1,1
330,18786,3571,2277,2046.0,2730.0,0,0,0,0,0
331,13681,1162,775,726.0,1209.0,0,0,0,0,0
332,18276,3418,3889,2857.0,3027.0,0,0,0,0,0
333,17538,1502,3465,1013.0,1138.0,0,0,0,0,0
334,23481,797,3656,3751.0,2553.0,0,0,0,0,0
335,12704,4892,2775,3592.0,2797.0,0,0,0,0,0
336,5238,3694,1518,3955.0,2443.0,0,0,0,0,0
337,5472,3714,1727,3073.0,1340.0,0,0,0,0,0
338,19124,4162,1068,2419.0,2755.0,0,0,0,0,0
339,8238,2279,2269,2070.0,1259.0,1,1,1,1,1
340,2365,1018,4416,2709.0,3745.0,0,0,0,0,0
341,1716,4734,1987,1703.0,1074.0,1,0,0,0,0
342,13527,880,3754,979.0,2780.0,0,0,0,0,0
343,23943,3871,1329,4199.0,1245.0,0,0,0,0,0
344,946,2191,3311,803.0,2252.0,0,0,0,0,0
345,24440,4020,2573,3897.0,2839.0,0,0,0,0,0
346,4726,3410,2694,1339.0,3229.0,1,1,1,1,1
347,21790,4541,3909,1621.0,951.0,0,0,0,0,0
348,8166,4681,3057,2931.0,1114.0,0,0,0,0,0
349,18211,2817,2929,3007.0,2197.0,0,0,0,0,0
350,6442,3753,1474,4441.0,2295.0,0,0,0,0,0
351,14662,4087,3860,4102.0,3212.0,0,0,0,0,0
352,19606,1240,3320,1177.0,787.0,0,0,0,0,0
353,20668,831,3383,4210.0,880.0,0,0,0,0,0
354,23110,701,2163,760.0,2099.0,0,0,0,0,0
355,20128,4392,1498,1037.0,3340.0,0,0,0,0,0
356,17550,3010,2447,3995.0,1012.0,0,0,0,0,0
357,499,1452,3274,1233.0,2632.0,1,1,1,1,1
358,6277,2784,1535,3659.0,1557.0,0,0,0,0,0
359,15826,2766,701,2086.0,2112.0,0,0,0,0,0
360,15241,688,4177,2115.0,3397.0,0,0,0,0,0
361,729,1721,776,4186.0,2362.0,1,1,1,1,1
362,6216,3821,4283,1767.0,776.0,0,0,0,0,0
363,1791,4576,1952,1270.0,1227.0,1,1,1,1,1
364,10721,2146,4190,1472.0,1205.0,0,0,0,0,0
365,15654,931,4381,4224.0,4006.0,0,0,0,0,0
366,22691,4588,993,1432.0,909.0,0,0,0,0,0
367,20323,4848,1586,2449.0,3558.0,0,0,0,0,0
368,14796,4278,1645,4139.0,1630.0,0,0,0,0,0
369,7793,2632,1793,1118.0,1124.0,0,0,0,0,0
370,22309,2316,3231,3573.0,2980.0,0,0,0,0,0
371,5448,2081,3365,1888.0,1038.0,0,0,0,0,0
372,16531,3686,2240,2186.0,2880.0,0,0,0,0,0
373,2434,2664,1676,3825.0,1744.0,0,0,0,0,0
374,19335,1057,1986,3015.0,4007.0,0,0,0,0,0
375,4278,936,4151,1663.0,764.0,0,0,0,0,0
376,4825,4645,2323,2699.0,3905.0,0,0,0,0,0
377,4889,1122,3150,2031.0,3526.0,1,1,1,1,1
378,24527,4870,2824,2371.0,937.0,0,0,0,0,0
379,16131,4876,1836,859.0,3794.0,0,0,0,0,0
380,18146,4518,2679,,,0,0,0,0,0
381,1390,4122,592,,,0,0,0,0,0
382,23460,4117,3950,,,0,0,0,0,0
383,17526,3772,2713,,,0,0,0,0,0
384,15002,2250,4426,,,0,0,0,0,0
385,10362,2912,3116,,,0,0,0,0,0
386,24293,4379,4183,,,0,0,0,0,0
387,24112,728,3356,,,0,0,0,0,0
388,174,4873,2587,,,0,0,0,0,0
389,22762,3088,1326,,,0,0,0,0,0
390,15024,1422,1535,,,0,0,0,0,0
391,410,3235,3655,,,0,0,0,0,0
392,8369,2042,2952,,,0,0,0,0,0
393,9554,4417,4663,,,0,0,0,0,0
394,18666,782,2443,,,0,0,0,0,0
395,2782,1833,4270,,,0,0,0,0,0
396,15136,2379,1827,,,0,0,0,0,0
397,19654,4465,3925,,,0,0,0,0,0
398,2656,2646,4384,,,0,0,0,0,0
399,3268,1292,816,,,0,0,0,0,0
400,14963,3175,2467,,,0,0,0,0,0
401,15988,1688,3308,,,0,0,0,0,0
402,14157,2809,883,,,0,0,0,0,0
403,19340,2095,1929,,,0,0,0,0,0
404,18348,1199,2797,,,0,0,0,0,0
405,21805,2419,1945,,,0,0,0,0,0
406,22909,3865,1894,,,0,0,0,0,0
407,19909,754,1852,,,0,0,0,0,0
408,11338,3276,594,,,0,0,0,0,0
409,20906,3529,617,,,0,0,0,0,0
410,364,2693,4346,,,0,0,0,0,0
411,20608,3449,1641,,,0,0,0,0,0
412,2120,1805,2694,,,0,0,0,0,0
413,3130,2068,4196,,,0,0,0,0,0
414,15469,3221,2694,,,0,0,0,0,0
415,19832,3545,2000,,,0,0,0,0,0
416,8082,3807,2874,,,0,0,0,0,0
417,10389,4861,1162,,,0,0,0,0,0
418,13699,735,3503,,,0,0,0,0,0
419,11486,3599,1092,,,0,0,0,0,0
420,9885,1442,4427,,,0,0,0,0,0
421,1775,3423,3067,,,0,0,0,0,0
422,14527,4668,4351,,,0,0,0,0,0
423,24044,3130,1052,,,0,0,0,0,0
424,22728,2613,4175,,,0,0,0,0,0
425,13896,4530,4300,,,0,0,0,0,0
426,20931,4250,1305,,,0,0,0,0,0
427,21667,3569,3289,,,0,0,0,0,0
428,11009,4620,2108,,,0,0,0,0,0
429,20921,1215,3755,,,0,0,0,0,0
430,4429,3493,4510,,,0,0,0,0,0
431,8621,3033,4299,,,0,0,0,0,0
432,19644,3355,3156,,,0,0,0,0,0
433,23550,3305,4359,,,0,0,0,0,0
434,15903,2119,2539,,,0,0,0,0,0
435,12761,2327,643,,,0,0,0,0,0
436,12810,1345,1217,,,0,0,0,0,0
437,16257,4361,4276,,,0,0,0,0,0
438,21035,4405,4383,,,0,0,0,0,0
439,20525,4802,1170,,,0,0,0,0,0
440,3216,2768,4535,,,0,0,0,0,0
441,17665,1806,1612,,,0,0,0,0,0
442,24400,3798,3866,,,0,0,0,0,0
443,21408,1216,3969,,,0,0,0,0,0
444,14572,3442,3598,,,0,0,0,0,0
445,18946,3768,4437,,,0,0,0,0,0
446,8543,4819,816,,,0,0,0,0,0
447,6787,803,3724,,,1,1,1,1,1
448,15452,1441,1158,,,0,0,0,0,0
449,11839,4626,1485,,,0,0,0,0,0
450,12657,4341,2485,,,0,0,0,0,0
451,17995,3633,2663,,,0,0,0,0,0
452,7864,4310,1271,,,0,0,0,0,0
453,5168,2210,2896,,,0,0,0,0,0
454,7113,4165,1643,,,0,0,0,0,0
455,17859,997,4126,,,0,0,0,0,0
456,6489,4586,740,,,0,0,0,0,0
457,24192,3027,2151,,,0,0,0,0,0
458,12279,2100,2681,,,0,0,0,0,0
459,13684,2394,1233,,,0,0,0,0,0
460,18797,4493,3924,,,0,0,0,0,0
461,7773,1160,3217,,,0,0,0,0,0
462,23818,1819,1608,,,0,0,0,0,0
463,20498,1166,1243,,,0,0,0,0,0
464,14132,2915,2428,,,0,0,0,0,0
465,16964,3853,4353,,,0,0,0,0,0
466,24400,2607,1397,,,0,0,0,0,0
467,12580,3618,2049,,,0,0,0,0,0
468,3769,3743,3369,,,0,0,0,0,0
469,10505,3608,3069,,,0,0,0,0,0
470,1067,3835,4150,,,0,0,0,0,0
471,19240,4922,1990,,,0,0,0,0,0
472,16016,1524,1559,,,0,0,0,0,0
473,24063,4238,663,,,0,0,0,0,0
474,14220,4937,4440,,,0,0,0,0,0
475,5250,3083,4501,,,0,0,0,0,0
476,13226,2595,3752,,,0,0,0,0,0
477,19721,3269,4506,,,0,0,0,0,0
478,2985,2943,2675,,,0,0,0,0,0
479,15830,2522,3441,,,0,0,0,0,0
480,14131,2568,4408,,,0,0,0,0,0
481,5882,4391,4371,,,0,0,0,0,0
482,11562,2313,2026,,,0,0,0,0,0
483,9775,4046,3229,,,0,0,0,0,0
484,13182,2100,3740,,,0,0,0,0,0
485,10412,1354,4559,,,0,0,0,0,0
486,9972,2795,4497,,,0,0,0,0,0
487,15818,4450,1672,,,0,0,0,0,0
488,15916,2486,2352,,,0,0,0,0,0
489,22506,872,2779,,,0,0,0,0,0
490,21188,1988,902,,,0,0,0,0,0
491,3787,4253,1308,,,0,0,0,0,0
492,11663,2124,3218,,,0,0,0,0,0
493,9711,4911,3604,,,0,0,0,0,0
494,18123,3680,936,,,0,0,0,0,0
495,9137,2574,3793,,,0,0,0,0,0
496,1102,1538,1695,,,0,0,0,0,0
497,22621,4018,2317,,,0,0,0,0,0
498,19998,673,2923,,,0,0,0,0,0
499,23908,4149,3180,,,0,0,0,0,0
500,8065,3274,4613,,,0,0,0,0,0
501,7428,3477,1372,,,0,0,0,0,0
502,3392,4870,1686,,,0,0,0,0,0
503,4956,2975,4036,,,0,0,0,0,0
504,6296,2845,1755,,,0,0,0,0,0
505,10549,3716,783,,,0,0,0,0,0
506,12145,1063,2052,,,0,0,0,0,0
507,5686,1708,1816,,,0,0,0,0,0
508,20797,1816,3039,,,0,0,0,0,0
509,12184,2684,4155,,,0,0,0,0,0
510,13996,1549,1324,,,0,0,0,0,0
511,11418,4666,3062,,,0,0,0,0,0
512,2257,3371,2608,,,0,0,0,0,0
513,14583,1505,4355,,,0,0,0,0,0
514,9341,4802,1310,,,0,0,0,0,0
515,10144,1085,810,,,0,0,0,0,0
516,5618,1179,680,,,0,0,0,0,0
517,15264,4338,2233,,,0,0,0,0,0
518,1669,1004,3701,,,0,0,0,0,0
519,19729,650,2606,,,0,0,0,0,0
520,15508,792,4029,,,0,0,0,0,0
521,17039,3109,3387,,,0,0,0,0,0
522,24198,1739,3518,,,0,0,0,0,0
523,19386,755,3265,,,0,0,0,0,0
524,22627,1593,1356,,,0,0,0,0,0
525,229,4203,3675,,,0,0,0,0,0
526,21140,3417,3892,,,0,0,0,0,0
527,506,4228,3220,,,0,0,0,0,0
528,19770,4539,3430,,,0,0,0,0,0
529,3926,1989,1166,,,0,0,0,0,0
530,13244,1456,4187,,,0,0,0,0,0
531,18170,1124,2551,,,0,0,0,0,0
532,18822,829,2848,,,0,0,0,0,0
533,23614,4067,769,,,0,0,0,0,0
534,11718,3981,604,,,0,0,0,0,0
535,8969,3124,4453,,,0,0,0,0,0
536,11725,4326,2198,,,0,0,0,0,0
537,10928,2141,3357,,,0,0,0,0,0
538,13570,4044,2913,,,0,0,0,0,0
539,23946,4320,3241,,,0,0,0,0,0
540,13686,3015,1610,,,0,0,0,0,0
541,1695,995,3297,,,0,0,0,0,0
542,19215,3230,3503,,,0,0,0,0,0
543,19551,2912,1403,,,0,0,0,0,0
544,7763,1920,824,,,0,0,0,0,0
545,4102,1778,1691,,,0,0,0,0,0
546,14737,4637,4643,,,0,0,0,0,0
547,24353,830,1695,,,0,0,0,0,0
548,14096,4502,3305,,,0,0,0,0,0
549,1099,2876,1578,,,0,0,0,0,0
550,1574,794,2458,,,1,1,1,1,1
551,11304,1994,3149,,,0,0,0,0,0
552,13131,1411,2536,,,0,0,0,0,0
553,11681,1818,3899,,,0,0,0,0,0
554,6680,2502,2839,,,0,0,0,0,0
555,5017,4441,1495,,,0,0,0,0,0
556,770,807,3234,,,0,0,0,0,0
557,10236,2854,4494,,,0,0,0,0,0
558,7679,3257,1015,,,0,0,0,0,0
559,6159,4237,1625,,,0,0,0,0,0
560,3441,1609,796,,,0,0,0,0,0
561,17285,2700,4714,,,0,0,0,0,0
562,24294,1813,4639,,,0,0,0,0,0
563,3130,3052,3534,,,0,0,0,0,0
564,3822,2171,1615,,,0,0,0,0,0
565,8652,990,4465,,,0,0,0,0,0
566,7713,3993,3978,,,0,0,0,0,0
567,2228,2697,4718,,,0,0,0,0,0
568,7875,3877,3361,,,0,0,0,0,0
569,7898,3594,774,,,0,0,0,0,0
570,7073,1493,2504,,,0,0,0,0,0
571,19674,817,2255,,,0,0,0,0,0
572,23301,3200,3393,,,0,0,0,0,0
573,12400,1705,1036,,,0,0,0,0,0
574,18873,3644,1496,,,0,0,0,0,0
575,9134,4580,1931,,,0,0,0,0,0
576,3123,3091,1292,,,0,0,0,0,0
577,23221,1704,3669,,,0,0,0,0,0
578,12115,3065,2253,,,0,0,0,0,0
579,2865,3081,3123,,,0,0,0,0,0
580,19804,2035,2007,,,0,0,0,0,0
581,3685,955,4254,,,0,0,0,0,0
582,6856,3800,3240,,,0,0,0,0,0
583,18245,854,1487,,,0,0,0,0,0
584,24328,2997,2076,,,0,0,0,0,0
585,20015,1124,3012,,,0,0,0,0,0
586,20094,886,3548,,,0,0,0,0,0
587,9639,1102,1576,,,0,0,0,0,0
588,11735,2666,2781,,,0,0,0,0,0
589,6184,1010,4083,,,0,0,0,0,0
590,2229,1350,2970,,,0,0,0,0,0
591,250,2616,4337,,,0,0,0,0,0
592,17569,4129,3378,,,0,0,0,0,0
593,21798,2767,4463,,,0,0,0,0,0
594,4144,2769,2290,,,0,0,0,0,0
595,24863,2185,3985,,,0,0,0,0,0
596,12723,1486,2492,,,0,0,0,0,0
597,15526,3265,3652,,,0,0,0,0,0
598,10673,3930,2472,,,0,0,0,0,0
599,13875,1468,2021,,,0,0,0,0,0
600,22674,3486,987,,,0,0,0,0,0
601,14882,765,2528,,,0,0,0,0,0
602,22728,4051,3458,,,0,0,0,0,0
603,15980,4740,3789,,,0,0,0,0,0
604,7874,1432,4728,,,0,0,0,0,0
605,5465,4112,1745,,,0,0,0,0,0
606,21956,4415,3548,,,0,0,0,0,0
607,24624,1123,4104,,,0,0,0,0,0
608,13338,1611,3311,,,0,0,0,0,0
609,18544,3696,920,,,0,0,0,0,0
610,14069,2704,4333,,,0,0,0,0,0
611,16625,2176,3527,,,0,0,0,0,0
612,13696,4443,3493,,,0,0,0,0,0
613,15878,4381,4483,,,0,0,0,0,0
614,11929,2179,4118,,,0,0,0,0,0
615,15757,1183,1133,,,0,0,0,0,0
616,16602,3872,1735,,,0,0,0,0,0
617,14340,2081,4109,,,0,0,0,0,0
618,8098,4386,1724,,,0,0,0,0,0
619,20844,1014,2816,,,0,0,0,0,0
620,15327,4902,2865,,,0,0,0,0,0
621,24552,3872,4730,,,0,0,0,0,0
622,10106,4860,1874,,,0,0,0,0,0
623,13432,4702,3637,,,0,0,0,0,0
624,15904,4366,1443,,,0,0,0,0,0
625,19104,953,3015,,,0,0,0,0,0
626,10874,2992,3578,,,0,0,0,0,0
627,1661,1644,1049,,,0,0,0,0,0
628,8728,714,3045,,,0,0,0,0,0
629,21667,1313,2443,,,0,0,0,0,0
630,19707,2102,1233,,,0,0,0,0,0
631,10510,845,1519,,,0,0,0,0,0
632,17942,1699,3403,,,0,0,0,0,0
633,13611,1161,2433,,,0,0,0,0,0
634,14479,3184,3696,,,0,0,0,0,0
635,2746,2895,3994,,,0,0,0,0,0
636,22705,2189,3630,,,0,0,0,0,0
637,19041,2377,4365,,,0,0,0,0,0
638,17449,723,4260,,,0,0,0,0,0
639,4294,1287,4720,,,0,0,0,0,0
640,4579,1703,4534,,,0,0,0,0,0
641,7295,2239,4364,,,0,0,0,0,0
642,356,4788,1719,,,0,0,0,0,0
643,8644,4116,2523,,,0,0,0,0,0
644,11788,1714,4603,,,0,0,0,0,0
645,24206,1233,2452,,,0,0,0,0,0
646,24531,756,4001,,,0,0,0,0,0
647,21321,3411,2583,,,0,0,0,0,0
648,18592,3323,3987,,,0,0,0,0,0
649,21997,2117,1383,,,0,0,0,0,0
650,9652,888,578,,,0,0,0,0,0
651,21290,4419,2831,,,0,0,0,0,0
652,6076,4923,3977,,,0,0,0,0,0
653,19080,1386,1944,,,0,0,0,0,0
654,9543,2314,855,,,0,0,0,0,0
655,9824,2847,2611,,,0,0,0,0,0
656,21249,2370,2036,,,0,0,0,0,0
657,2304,2647,4005,,,0,0,0,0,0
658,7801,3400,1626,,,0,0,0,0,0
659,19023,4498,2666,,,0,0,0,0,0
660,23438,743,3656,,,0,0,0,0,0
661,7887,3425,4078,,,0,0,0,0,0
662,21231,1299,1571,,,0,0,0,0,0
663,14666,1570,2382,,,0,0,0,0,0
664,12745,1625,3866,,,0,0,0,0,0
665,9120,4905,3350,,,0,0,0,0,0
666,24801,3019,1150,,,0,0,0,0,0
667,5159,2102,4197,,,0,0,0,0,0
668,13339,4475,2721,,,0,0,0,0,0
669,6790,3484,4036,,,0,0,0,0,0
670,12264,1671,3991,,,0,0,0,0,0
671,2482,812,3264,,,0,0,0,0,0
672,16911,2602,1105,,,0,0,0,0,0
673,3269,3381,2528,,,0,0,0,0,0
674,20463,3727,2325,,,0,0,0,0,0
675,4295,1169,4680,,,0,0,0,0,0
676,7065,2369,1110,,,1,1,1,1,1
677,17208,1335,1269,,,0,0,0,0,0
678,12235,1947,1035,,,0,0,0,0,0
679,3004,3669,2078,,,0,0,0,0,0
680,12866,1990,2755,,,0,0,0,0,0
681,475,910,3970,,,0,0,0,0,0
682,24164,2822,4273,,,0,0,0,0,0
683,4309,3561,4459,2451.0,1111.0,0,0,0,0,0
684,19632,1150,2035,3151.0,1477.0,0,0,0,0,0
685,19551,3291,1353,3202.0,3980.0,0,0,0,0,0
686,24785,4995,3412,1790.0,1116.0,0,0,0,0,0
687,18494,1379,1627,4170.0,2729.0,0,0,0,0,0
688,16712,4960,2563,1669.0,833.0,0,0,0,0,0
689,17953,945,1130,3271.0,2731.0,0,0,0,0,0
690,3330,2133,1737,3698.0,1521.0,0,0,0,0,0
691,4331,1601,724,4399.0,2775.0,0,1,0,0,0
692,13430,1630,3218,3933.0,2087.0,0,0,0,0,0
693,22123,3504,4375,2593.0,3731.0,0,0,0,0,0
694,5895,1436,1713,2891.0,2747.0,0,0,0,0,0
695,3892,2704,1196,4487.0,2502.0,0,0,0,0,0
696,16915,2973,4104,3853.0,922.0,0,0,0,0,0
697,6724,2590,3115,806.0,3546.0,1,1,1,1,1
698,6951,4866,4070,3182.0,3815.0,0,0,0,0,0
699,12312,2131,4476,2941.0,3492.0,0,0,0,0,0
700,9132,2889,3730,4204.0,927.0,0,0,0,0,0
701,1050,2359,650,2500.0,3022.0,1,1,1,1,1
702,717,972,3027,840.0,2906.0,1,1,1,1,1
703,24159,3968,1134,742.0,1825.0,0,0,0,0,0
704,17198,715,1816,710.0,3010.0,0,0,0,0,0
705,8614,1154,2007,3607.0,1374.0,0,0,0,0,0
706,14970,1857,4558,1465.0,2668.0,0,0,0,0,0
707,5652,1386,1962,4143.0,2808.0,0,0,0,0,0
708,10006,3432,3203,2898.0,931.0,0,0,0,0,0
709,4155,4690,3533,1920.0,3975.0,1,1,1,1,1
710,16684,3999,3312,1067.0,2848.0,0,0,0,0,0
711,6048,2739,1488,3214.0,1706.0,0,0,0,0,0
712,8900,4070,4149,2394.0,685.0,0,0,0,0,0
713,5623,2955,3959,2186.0,3235.0,0,0,0,0,0
714,3496,3707,4111,3805.0,2737.0,0,0,0,0,0
715,20392,1366,3615,2034.0,3597.0,0,0,0,0,0
716,23118,3347,2506,,,0,0,0,0,0
717,23129,2831,4168,,,0,0,0,0,0
718,24511,2219,1764,,,0,0,0,0,0
719,2109,4465,4742,,,0,0,0,0,0
720,2438,1301,4137,,,1,1,1,1,1
721,24624,3895,1728,,,0,0,0,0,0
722,16052,2390,2710,,,0,0,0,0,0
723,15071,4752,3263,,,0,0,0,0,0
724,3148,3174,1569,,,0,0,0,0,0
725,14499,3384,916,,,0,0,0,0,0
726,12878,2419,1298,,,0,0,0,0,0
727,6612,1255,2220,,,0,0,0,0,0
728,6801,1644,2115,,,0,0,0,0,0
729,9017,2728,1740,,,0,0,0,0,0
730,19241,2370,942,,,0,0,0,0,0
731,12388,2331,2675,,,0,0,0,0,0
732,1870,2399,2943,,,0,0,0,0,0
733,22588,930,903,,,0,0,0,0,0
734,5665,2230,1630,,,0,0,0,0,0
735,23835,1948,3630,,,0,0,0,0,0
736,22370,4943,3455,,,0,0,0,0,0
737,2494,2603,2243,,,0,0,0,0,0
738,15448,744,3591,,,0,0,0,0,0
739,10405,4508,3857,,,0,0,0,0,0
740,9658,1273,4461,,,0,0,0,0,0
741,1379,4847,2494,,,0,0,0,0,0
742,20048,1908,1860,,,0,0,0,0,0
743,14642,3738,3833,,,0,0,0,0,0
744,1136,1095,2412,,,0,0,0,0,0
745,12021,3541,2718,,,0,0,0,0,0
746,8263,963,2289,,,0,0,0,0,0
747,5722,908,1534,,,0,0,0,0,0
748,22519,2574,3258,,,0,0,0,0,0
749,8488,1942,1660,,,0,0,0,0,0
750,2519,4073,904,,,0,0,0,0,0
751,15551,2207,1630,,,0,0,0,0,0
752,17559,4868,4171,,,0,0,0,0,0
753,21405,1923,3939,,,0,0,0,0,0
754,19181,4316,4422,,,0,0,0,0,0
755,5386,3353,3470,,,0,0,0,0,0
756,10435,1371,1876,,,0,0,0,0,0
757,11872,2724,1897,,,0,0,0,0,0
758,1599,2994,4051,,,0,0,0,0,0
759,5804,1021,2254,,,0,0,0,0,0
760,2059,3041,1535,,,0,0,0,0,0
761,10882,4072,957,,,0,0,0,0,0
762,9339,3557,820,,,0,0,0,0,0
763,22840,1633,3737,,,0,0,0,0,0
764,8426,1616,2702,,,0,0,0,0,0
765,7191,718,4005,,,0,0,0,0,0
766,24454,2336,902,,,0,0,0,0,0
767,14274,1271,4324,,,0,0,0,0,0
768,603,4374,3929,,,0,0,0,0,0
769,15100,782,1671,,,0,0,0,0,0
770,12353,893,1980,,,0,0,0,0,0
771,13646,2208,2948,,,0,0,0,0,0
772,17628,2197,869,,,0,0,0,0,0
773,13023,4699,1707,,,0,0,0,0,0
774,10778,4198,2131,,,0,0,0,0,0
775,23313,2160,1086,,,0,0,0,0,0
776,12187,2326,1968,,,0,0,0,0,0
777,20753,3997,3447,,,0,0,0,0,0
778,2187,979,3323,,,0,0,0,0,0
779,23078,1742,1330,,,0,0,0,0,0
780,18575,2920,2914,,,0,0,0,0,0
781,23649,1612,1295,,,0,0,0,0,0
782,16921,1197,4729,,,0,0,0,0,0
783,12537,1309,3730,,,0,0,0,0,0
784,23975,3006,2935,,,0,0,0,0,0
785,18141,3395,3511,,,0,0,0,0,0
786,7563,4170,4581,,,0,0,0,0,0
787,8940,1061,4148,,,0,0,0,0,0
788,10382,1074,1592,,,0,0,0,0,0
789,5673,1443,3783,,,0,0,0,0,0
790,3888,3719,2992,,,0,0,0,0,0
791,17775,1251,2895,,,0,0,0,0,0
792,23106,1344,1889,,,0,0,0,0,0
793,16827,1651,2967,,,0,0,0,0,0
794,10199,989,1652,,,0,0,0,0,0
795,5247,2386,1296,,,0,0,0,0,0
796,1282,4336,4417,,,0,0,0,0,0
797,19056,1065,4199,,,0,0,0,0,0
798,4270,1424,1959,,,0,0,0,0,0
799,21154,1666,762,,,0,0,0,0,0
800,18580,4035,998,,,0,0,0,0,0
801,14221,2665,4203,,,0,0,0,0,0
802,21890,3190,1851,,,0,0,0,0,0
803,1736,4967,886,,,0,0,0,0,0
804,5120,1143,3262,,,0,0,0,0,0
805,2445,3946,2446,,,0,0,0,0,0
806,24032,1922,3138,,,0,0,0,0,0
807,20590,2021,903,,,0,0,0,0,0
808,3812,4677,3768,,,0,0,0,0,0
809,1312,3532,3623,,,0,0,0,0,0
810,17106,3735,4300,,,0,0,0,0,0
811,12737,4299,1715,,,0,0,0,0,0
812,12017,1169,2903,,,0,0,0,0,0
813,1611,1333,2368,,,0,0,0,0,0
814,24464,700,3880,,,0,0,0,0,0
815,22678,2957,695,,,0,0,0,0,0
816,21563,1640,842,,,0,0,0,0,0
817,517,4104,3095,,,0,0,0,0,0
818,23785,732,4644,,,0,0,0,0,0
819,3615,947,4663,,,0,0,0,0,0
820,23265,1681,2108,,,0,0,0,0,0
821,628,3617,3907,,,0,0,0,0,0
822,20420,4495,3981,,,0,0,0,0,0
823,21100,2203,2603,,,0,0,0,0,0
824,18335,4008,2768,,,0,0,0,0,0
825,4179,3114,1953,,,0,0,0,0,0
826,17093,688,4247,,,0,0,0,0,0
827,12860,4076,762,,,0,0,0,0,0
828,128,3387,2580,,,0,0,0,0,0
829,3690,2304,3251,,,0,0,0,0,0
830,8023,3882,2639,,,0,0,0,0,0
831,11347,1961,4071,,,0,0,0,0,0
832,15324,3424,3722,,,0,0,0,0,0
833,11082,2439,2696,,,0,0,0,0,0
834,2981,1724,3419,,,0,0,0,0,0
835,7094,4648,1187,,,0,0,0,0,0
836,10291,4604,2346,,,0,0,0,0,0
837,9967,1990,3462,,,0,0,0,0,0
838,9468,3868,550,,,0,0,0,0,0
839,10742,4839,2217,,,0,0,0,0,0
840,275,4128,1968,,,0,0,0,0,0
841,7788,3272,4291,,,0,0,0,0,0
842,21858,2292,986,,,0,0,0,0,0
843,22651,1083,4567,,,0,0,0,0,0
844,11294,1239,1862,,,0,0,0,0,0
845,811,2412,603,,,0,0,0,0,0
846,22947,3051,2338,,,0,0,0,0,0
847,23022,3462,1840,,,0,0,0,0,0
848,1627,2040,3511,,,0,0,0,1,0
849,14091,1760,2560,,,0,0,0,0,0
850,23937,2839,4461,,,0,0,0,0,0
851,13752,3559,2615,,,0,0,0,0,0
852,4194,3467,2932,,,0,0,0,0,0
853,23930,3378,805,,,0,0,0,0,0
854,6906,4908,1415,,,0,0,0,0,0
855,4500,1296,4093,,,0,0,0,0,0
856,1908,3658,1119,,,1,1,0,0,0
857,7704,1391,2853,,,0,0,0,0,0
858,10906,3252,2185,,,0,0,0,0,0
859,18128,3659,2418,,,0,0,0,0,0
860,5565,1554,1261,,,0,0,0,0,0
861,24334,1950,2464,,,0,0,0,0,0
862,17894,4427,948,,,0,0,0,0,0
863,6151,2057,4489,,,0,0,0,0,0
864,11970,3706,4098,,,0,0,0,0,0
865,6168,1378,1792,,,0,0,0,0,0
866,14952,4431,1304,,,0,0,0,0,0
867,24154,2607,4633,817.0,1535.0,0,0,0,0,0
868,12792,3681,2695,4474.0,2165.0,0,0,0,0,0
869,23904,1790,2382,3211.0,880.0,0,0,0,0,0
870,15098,2161,1470,4293.0,3150.0,0,0,0,0,0
871,8230,3918,4424,2187.0,1162.0,0,0,0,0,0
872,24861,2662,3992,2121.0,2415.0,0,0,0,0,0
873,6673,791,1137,3341.0,2050.0,0,0,0,0,0
874,16189,818,1745,2830.0,3501.0,0,0,0,0,0
875,12262,1944,831,1544.0,3819.0,0,0,0,0,0
876,16973,2467,4671,4334.0,2526.0,0,0,0,0,0
877,669,2492,1499,3225.0,4189.0,0,0,0,0,0
878,22260,3933,2433,3579.0,2651.0,0,0,0,0,0
879,11185,3598,2925,2306.0,1259.0,0,0,0,0,0
880,22437,2523,1733,4243.0,3805.0,0,0,0,0,0
881,20806,2538,4567,1486.0,2376.0,0,0,0,0,0
882,1001,2319,839,757.0,2109.0,0,0,0,0,0
883,21862,2848,4177,3721.0,3205.0,0,0,0,0,0
884,15092,1948,2398,3818.0,3718.0,0,0,0,0,0
885,989,4640,667,1138.0,1004.0,1,1,1,1,1
886,18692,3486,3410,2014.0,1274.0,0,0,0,0,0
887,7134,1565,3238,4135.0,3724.0,0,0,0,0,0
888,9995,857,2972,2309.0,2880.0,0,0,0,0,0
889,5851,854,1110,2872.0,1417.0,0,0,1,1,1
890,9731,3486,2395,2846.0,684.0,0,0,0,0,0
891,9103,1571,1189,1476.0,1170.0,0,0,0,0,0
892,12419,1593,948,2301.0,2401.0,0,0,0,0,0
893,11364,2233,796,3391.0,2793.0,0,0,0,0,0
894,16604,1481,1485,858.0,2271.0,0,0,0,0,0
895,24305,3953,1130,3830.0,3339.0,0,0,0,0,0
896,16,1586,3278,1201.0,1477.0,0,0,0,0,0
897,21931,4039,2085,3561.0,3441.0,0,0,0,0,0
898,7788,3676,1943,3699.0,994.0,0,0,0,0,0
899,5784,3180,2630,3522.0,2466.0,0,0,0,0,0
900,11142,784,3853,3182.0,1106.0,0,0,0,0,0
901,4651,2096,3297,3181.0,1188.0,0,0,0,0,0
902,4511,3644,3244,1983.0,1555.0,0,0,0,0,0
903,8870,1177,4076,4233.0,1222.0,0,0,0,0,0
904,24539,3567,1242,2052.0,3539.0,0,0,0,0,0
905,2463,2344,2177,3906.0,4060.0,0,0,0,0,0
906,12560,3089,2646,2917.0,2643.0,0,0,0,0,0
907,13241,2447,4381,710.0,3658.0,0,0,0,0,0
908,18594,2013,2098,1487.0,2006.0,0,0,0,0,0
909,15814,4560,2355,1303.0,1734.0,0,0,0,0,0
910,17558,3297,1505,2297.0,3587.0,0,0,0,0,0
911,18033,3193,1258,2912.0,2604.0,0,0,0,0,0
912,5277,4398,1039,1673.0,1466.0,0,0,0,0,0
913,3922,3568,3327,3682.0,2006.0,0,0,0,0,0
914,3151,4035,4577,3468.0,2742.0,0,0,0,0,0
915,11551,3401,1911,3849.0,2716.0,0,0,0,0,0
916,21668,4688,981,2841.0,1862.0,0,0,0,0,0
917,7238,2583,581,1761.0,1932.0,0,0,0,0,0
918,20869,4801,1761,1983.0,3549.0,0,0,0,0,0
919,18772,1148,1902,1051.0,2729.0,0,0,0,0,0
920,15623,4191,4240,761.0,2161.0,0,0,0,0,0
921,1857,2492,1013,1426.0,1129.0,1,1,1,1,1
922,13013,2764,1397,4121.0,4047.0,0,0,0,0,0
923,16966,943,4002,784.0,2717.0,0,0,0,0,0
924,19704,2319,659,3048.0,1702.0,0,0,0,0,0
925,18616,4566,1253,3759.0,1835.0,0,0,0,0,0
926,9586,4518,856,2969.0,3337.0,0,0,0,0,0
927,7377,1181,2569,4311.0,2984.0,0,0,0,0,0
928,14498,1954,2285,2565.0,715.0,0,0,0,0,0
929,21521,4640,1608,3074.0,3209.0,0,0,0,0,0
930,15744,4232,2800,3639.0,1413.0,0,0,0,0,0
931,6641,2931,4080,3697.0,1625.0,0,0,0,0,0
932,7001,883,3598,2502.0,3790.0,0,0,0,0,0
933,10011,3219,1907,1723.0,4198.0,0,0,0,0,0
934,1415,3812,1771,3573.0,4174.0,0,0,0,0,0
935,17966,2197,3581,3520.0,1540.0,0,0,0,0,0
936,3631,2958,1856,954.0,3422.0,1,1,1,1,1
937,7611,4969,3378,4309.0,3133.0,0,0,0,0,0
938,20978,1404,3225,2024.0,2434.0,0,0,0,0,0
939,18993,1515,4493,1015.0,4166.0,0,0,0,0,0
940,75,3048,2470,1574.0,3930.0,0,0,0,0,0
941,3392,4108,1276,3072.0,4068.0,0,0,0,0,0
942,1604,4303,2022,2636.0,2253.0,0,0,0,0,0
943,21689,972,2842,3054.0,4192.0,0,0,0,0,0
944,14380,4139,1930,843.0,991.0,0,0,0,0,0
945,11328,4372,4162,3994.0,2156.0,0,0,0,0,0
946,21783,3292,2528,4490.0,2782.0,0,0,0,0,0
947,14138,2869,2834,3867.0,1957.0,0,0,0,0,0
948,20093,4028,3062,1932.0,3378.0,0,0,0,0,0
949,12063,4583,1554,1397.0,2613.0,0,0,0,0,0
950,14492,4248,2342,1325.0,2818.0,0,0,0,0,0
951,20480,4341,2955,1106.0,1751.0,0,0,0,0,0
952,13990,3319,4652,2652.0,1482.0,0,0,0,0,0
953,20304,3792,3004,2832.0,2260.0,0,0,0,0,0
954,11606,2617,1209,1922.0,2520.0,0,0,0,0,0
955,835,1201,2963,4228.0,2239.0,0,0,0,0,0
956,18245,2590,1888,2290.0,2362.0,0,0,0,0,0
957,7687,3843,3593,3169.0,4099.0,0,0,0,0,0
958,4380,4856,3203,4002.0,1566.0,0,0,0,0,0
959,16291,4062,3173,3943.0,972.0,0,0,0,0,0
960,14607,1604,4600,3713.0,1718.0,0,0,0,0,0
961,6398,2441,1014,1300.0,3161.0,0,0,0,0,0
962,21755,2155,4256,2166.0,1066.0,0,0,0,0,0
963,18577,2236,3627,4011.0,2548.0,0,0,0,0,0
964,13086,2925,3468,2788.0,2068.0,0,0,0,0,0
965,13675,2045,2185,893.0,1490.0,0,0,0,0,0
966,18376,1964,3407,3308.0,1415.0,0,0,0,0,0
967,9847,1932,2196,2502.0,3370.0,0,0,0,0,0
968,183,3713,3872,3778.0,2482.0,0,0,0,0,0
969,17629,1941,4655,2882.0,2738.0,0,0,0,0,0
970,2139,2125,2523,1681.0,1830.0,0,0,0,0,0
971,15166,4055,609,2132.0,3043.0,0,0,0,0,0
972,11186,1964,3704,4265.0,2506.0,0,0,0,0,0
973,21426,2505,2064,3802.0,910.0,0,0,0,0,0
974,10655,1235,4072,3576.0,3329.0,0,0,0,0,0
975,18578,940,2700,2492.0,2925.0,0,0,0,0,0
976,21488,4750,943,1627.0,3904.0,0,0,0,0,0
977,4172,2021,2487,1125.0,1424.0,0,0,0,0,0
978,16743,4961,3822,2977.0,3469.0,0,0,0,0,0
979,23373,4088,4686,894.0,2286.0,0,0,0,0,0
980,14200,1574,2879,2795.0,3071.0,0,0,0,0,0
981,11948,4289,4359,2286.0,4197.0,0,0,0,0,0
982,1074,3107,4640,4495.0,1573.0,0,0,0,0,0
983,18474,1153,2322,1374.0,938.0,0,0,0,0,0
984,19686,1807,1624,2891.0,1177.0,0,0,0,0,0
985,9620,2573,3007,2596.0,2313.0,0,0,0,0,0
986,9500,1826,1163,3405.0,2648.0,0,0,0,0,0
987,6631,1890,4280,1667.0,1586.0,0,0,0,0,0
988,11506,2595,1530,3846.0,1437.0,0,0,0,0,0
989,15836,700,3139,1821.0,2998.0,0,0,0,0,0
990,24487,1770,4374,2979.0,1764.0,0,0,0,0,0
991,6085,4158,920,2142.0,1933.0,0,0,0,0,0
992,16607,844,4342,3391.0,3083.0,0,0,0,0,0
993,17815,4525,1687,2143.0,3023.0,0,0,0,0,0
994,22711,2285,3623,4224.0,4141.0,0,0,0,0,0
995,12631,4764,3790,1506.0,3886.0,0,0,0,0,0
996,18111,1658,1636,1482.0,1502.0,0,0,0,0,0
997,24654,4953,4574,2284.0,2909.0,0,0,0,0,0
998,9761,3883,881,2091.0,4008.0,0,0,0,0,0
999,11229,743,2321,2396.0,3906.0,0,0,0,0,0
1000,18174,4259,4539,1067.0,1509.0,0,0,0,0,0
